Shine(TIME PARADOX LAND),113.159.181.94,2015-09-18 12:01:14
アンカー(the Whole Nine Yards),126.21.133.55,2015-09-18 12:01:19
星空協奏曲(ハジマリノマチ),49.239.78.63,2015-09-18 12:04:18
アンカー(the Whole Nine Yards),49.98.141.34,2015-09-18 12:11:44
アンカー(the Whole Nine Yards),1.75.208.223,2015-09-18 12:14:47
アンカー(the Whole Nine Yards),49.98.139.90,2015-09-18 12:21:30
Shine(TIME PARADOX LAND),24.22.159.232,2015-09-18 12:24:11
アンカー(the Whole Nine Yards),126.152.167.203,2015-09-18 12:31:44
アンカー(the Whole Nine Yards),182.250.240.81,2015-09-18 12:34:20
星空協奏曲(ハジマリノマチ),1.75.234.240,2015-09-18 12:34:51
星空協奏曲(ハジマリノマチ),1.72.0.155,2015-09-18 12:35:13
アンカー(the Whole Nine Yards),126.254.207.91,2015-09-18 12:37:01
Shine(TIME PARADOX LAND),111.99.57.118,2015-09-18 12:43:29
Shine(TIME PARADOX LAND),111.99.57.118,2015-09-18 12:43:39
Shine(TIME PARADOX LAND),111.99.57.118,2015-09-18 12:43:52
Shine(TIME PARADOX LAND),111.99.57.118,2015-09-18 12:44:02
Shine(TIME PARADOX LAND),111.99.57.118,2015-09-18 12:44:20
アンカー(the Whole Nine Yards),49.98.150.15,2015-09-18 13:11:28
アンカー(the Whole Nine Yards),103.9.96.231,2015-09-18 13:11:36
星空協奏曲(ハジマリノマチ),49.104.35.90,2015-09-18 13:11:45
アンカー(the Whole Nine Yards),126.254.192.232,2015-09-18 13:11:55
アンカー(the Whole Nine Yards),103.9.96.231,2015-09-18 13:12:13
アンカー(the Whole Nine Yards),103.9.97.231,2015-09-18 13:12:33
アンカー(the Whole Nine Yards),103.9.97.232,2015-09-18 13:13:10
アンカー(the Whole Nine Yards),103.9.97.232,2015-09-18 13:13:31
アンカー(the Whole Nine Yards),104.34.147.179,2015-09-18 13:13:43
星空協奏曲(ハジマリノマチ),126.186.120.176,2015-09-18 13:17:08
アンカー(the Whole Nine Yards),126.236.7.91,2015-09-18 13:17:30
アンカー(the Whole Nine Yards),126.237.21.12,2015-09-18 13:18:22
アンカー(the Whole Nine Yards),126.186.40.139,2015-09-18 13:19:39
アンカー(the Whole Nine Yards),126.205.69.218,2015-09-18 13:21:35
アンカー(the Whole Nine Yards),126.255.72.67,2015-09-18 13:24:00
アンカー(the Whole Nine Yards),103.9.96.232,2015-09-18 13:24:07
アンカー(the Whole Nine Yards),126.21.133.237,2015-09-18 13:29:24
星空協奏曲(ハジマリノマチ),114.17.234.247,2015-09-18 13:30:34
アンカー(the Whole Nine Yards),126.186.9.174,2015-09-18 13:31:46
アンカー(the Whole Nine Yards),126.161.89.199,2015-09-18 13:34:15
アンカー(the Whole Nine Yards),49.106.204.46,2015-09-18 13:35:45
アンカー(the Whole Nine Yards),126.21.132.192,2015-09-18 13:36:05
アンカー(the Whole Nine Yards),126.21.133.78,2015-09-18 13:36:46
アンカー(the Whole Nine Yards),103.9.97.228,2015-09-18 13:36:57
アンカー(the Whole Nine Yards),126.255.198.241,2015-09-18 13:37:14
アンカー(the Whole Nine Yards),126.186.114.28,2015-09-18 13:37:19
アンカー(the Whole Nine Yards),126.21.133.2,2015-09-18 13:37:32
アンカー(the Whole Nine Yards),126.186.42.62,2015-09-18 13:38:46
アンカー(the Whole Nine Yards),126.21.148.27,2015-09-18 13:39:27
アンカー(the Whole Nine Yards),126.21.132.168,2015-09-18 13:40:04
アンカー(the Whole Nine Yards),126.21.149.194,2015-09-18 13:40:21
アンカー(the Whole Nine Yards),49.98.170.58,2015-09-18 13:40:38
Shine(TIME PARADOX LAND),118.236.167.51,2015-09-18 13:53:37
アンカー(the Whole Nine Yards),49.98.146.138,2015-09-18 13:56:22
アンカー(the Whole Nine Yards),126.253.133.163,2015-09-18 14:02:52
アンカー(the Whole Nine Yards),182.250.248.4,2015-09-18 14:09:06
アンカー(the Whole Nine Yards),182.250.246.201,2015-09-18 14:09:25
星空協奏曲(ハジマリノマチ),121.103.174.245,2015-09-18 14:11:25
アンカー(the Whole Nine Yards),126.236.173.177,2015-09-18 14:18:04
アンカー(the Whole Nine Yards),126.236.138.127,2015-09-18 14:18:22
アンカー(the Whole Nine Yards),49.239.64.92,2015-09-18 14:20:48
アンカー(the Whole Nine Yards),126.236.160.200,2015-09-18 14:23:06
アンカー(the Whole Nine Yards),126.254.4.128,2015-09-18 14:23:18
アンカー(the Whole Nine Yards),1.75.236.172,2015-09-18 14:43:19
アンカー(the Whole Nine Yards),126.255.205.50,2015-09-18 15:08:04
星空協奏曲(ハジマリノマチ),126.236.137.216,2015-09-18 15:11:47
アンカー(the Whole Nine Yards),126.152.218.193,2015-09-18 15:16:07
星空協奏曲(ハジマリノマチ),153.208.20.225,2015-09-18 15:19:24
アンカー(the Whole Nine Yards),27.142.85.166,2015-09-18 15:29:37
アンカー(the Whole Nine Yards),27.142.85.166,2015-09-18 15:30:01
星空協奏曲(ハジマリノマチ),121.103.174.245,2015-09-18 15:30:12
星空協奏曲(ハジマリノマチ),49.98.211.69,2015-09-18 15:34:34
星空協奏曲(ハジマリノマチ),49.98.208.184,2015-09-18 15:36:13
星空協奏曲(ハジマリノマチ),49.98.209.57,2015-09-18 15:38:11
星空協奏曲(ハジマリノマチ),49.106.192.183,2015-09-18 15:38:56
星空協奏曲(ハジマリノマチ),183.74.207.4,2015-09-18 15:40:48
星空協奏曲(ハジマリノマチ),49.98.210.169,2015-09-18 15:41:34
星空協奏曲(ハジマリノマチ),49.98.209.112,2015-09-18 15:43:43
星空協奏曲(ハジマリノマチ),49.97.92.159,2015-09-18 15:44:47
星空協奏曲(ハジマリノマチ),183.74.205.108,2015-09-18 15:48:12
星空協奏曲(ハジマリノマチ),49.98.210.131,2015-09-18 15:49:58
星空協奏曲(ハジマリノマチ),49.97.95.197,2015-09-18 15:50:58
星空協奏曲(ハジマリノマチ),118.86.109.219,2015-09-18 15:51:43
星空協奏曲(ハジマリノマチ),118.86.109.219,2015-09-18 15:52:23
星空協奏曲(ハジマリノマチ),183.74.206.35,2015-09-18 15:52:41
星空協奏曲(ハジマリノマチ),126.216.40.42,2015-09-18 15:53:00
星空協奏曲(ハジマリノマチ),211.129.73.68,2015-09-18 15:53:49
星空協奏曲(ハジマリノマチ),126.216.40.42,2015-09-18 15:58:23
星空協奏曲(ハジマリノマチ),126.255.26.37,2015-09-18 15:58:24
星空協奏曲(ハジマリノマチ),126.21.164.114,2015-09-18 15:59:04
星空協奏曲(ハジマリノマチ),126.255.145.135,2015-09-18 16:00:15
星空協奏曲(ハジマリノマチ),202.212.55.222,2015-09-18 16:03:08
星空協奏曲(ハジマリノマチ),202.212.55.222,2015-09-18 16:05:22
星空協奏曲(ハジマリノマチ),202.212.55.222,2015-09-18 16:06:58
星空協奏曲(ハジマリノマチ),153.208.20.225,2015-09-18 16:07:48
星空協奏曲(ハジマリノマチ),202.212.55.222,2015-09-18 16:08:19
Shine(TIME PARADOX LAND),126.152.15.154,2015-09-18 16:15:18
星空協奏曲(ハジマリノマチ),49.98.146.172,2015-09-18 16:16:30
星空協奏曲(ハジマリノマチ),106.171.43.14,2015-09-18 16:16:46
星空協奏曲(ハジマリノマチ),106.171.45.208,2015-09-18 16:16:59
星空協奏曲(ハジマリノマチ),182.250.246.229,2015-09-18 16:19:09
星空協奏曲(ハジマリノマチ),106.171.32.51,2015-09-18 16:20:56
星空協奏曲(ハジマリノマチ),182.250.246.199,2015-09-18 16:22:53
星空協奏曲(ハジマリノマチ),182.250.246.229,2015-09-18 16:24:24
星空協奏曲(ハジマリノマチ),106.171.32.215,2015-09-18 16:25:26
星空協奏曲(ハジマリノマチ),182.250.246.233,2015-09-18 16:26:49
星空協奏曲(ハジマリノマチ),182.250.246.199,2015-09-18 16:28:06
星空協奏曲(ハジマリノマチ),182.250.250.4,2015-09-18 16:29:28
星空協奏曲(ハジマリノマチ),106.171.32.190,2015-09-18 16:30:34
アンカー(the Whole Nine Yards),126.254.100.245,2015-09-18 16:55:18
星空協奏曲(ハジマリノマチ),118.86.167.98,2015-09-18 17:11:27
星空協奏曲(ハジマリノマチ),118.86.167.98,2015-09-18 17:12:21
星空協奏曲(ハジマリノマチ),118.86.167.98,2015-09-18 17:12:37
アンカー(the Whole Nine Yards),124.214.138.113,2015-09-18 17:13:43
星空協奏曲(ハジマリノマチ),39.110.117.100,2015-09-18 17:16:04
アンカー(the Whole Nine Yards),114.160.198.72,2015-09-18 17:20:08
Shine(TIME PARADOX LAND),124.255.245.238,2015-09-18 18:01:39
アンカー(the Whole Nine Yards),126.254.203.108,2015-09-18 18:02:17
アンカー(the Whole Nine Yards),182.251.240.7,2015-09-18 18:02:43
アンカー(the Whole Nine Yards),103.9.96.232,2015-09-18 18:05:18
アンカー(the Whole Nine Yards),126.161.91.75,2015-09-18 18:05:44
アンカー(the Whole Nine Yards),49.98.131.88,2015-09-18 18:06:32
星空協奏曲(ハジマリノマチ),182.20.6.205,2015-09-18 18:06:40
アンカー(the Whole Nine Yards),126.253.138.186,2015-09-18 18:07:03
アンカー(the Whole Nine Yards),180.11.26.44,2015-09-18 18:11:25
星空協奏曲(ハジマリノマチ),175.108.100.143,2015-09-18 18:18:29
彩りの旋律(Rush Works),126.250.202.31,2015-09-18 18:20:15
星空協奏曲(ハジマリノマチ),121.103.12.34,2015-09-18 18:47:32
星空協奏曲(ハジマリノマチ),122.152.11.113,2015-09-18 18:53:46
星空協奏曲(ハジマリノマチ),126.127.241.21,2015-09-18 18:57:05
星空協奏曲(ハジマリノマチ),182.250.250.203,2015-09-18 19:00:26
星空協奏曲(ハジマリノマチ),219.126.43.10,2015-09-18 19:01:55
星空協奏曲(ハジマリノマチ),153.208.20.225,2015-09-18 19:09:39
星空協奏曲(ハジマリノマチ),182.250.250.38,2015-09-18 19:13:04
星空協奏曲(ハジマリノマチ),153.208.20.225,2015-09-18 19:14:05
星空協奏曲(ハジマリノマチ),153.208.20.225,2015-09-18 19:22:00
アンカー(the Whole Nine Yards),49.98.160.63,2015-09-18 19:25:59
アンカー(the Whole Nine Yards),126.152.223.182,2015-09-18 19:30:40
星空協奏曲(ハジマリノマチ),182.250.250.203,2015-09-18 19:32:25
Shine(TIME PARADOX LAND),111.107.170.120,2015-09-18 19:32:34
アンカー(the Whole Nine Yards),126.253.42.174,2015-09-18 19:32:44
アンカー(the Whole Nine Yards),126.152.206.185,2015-09-18 19:36:31
Shine(TIME PARADOX LAND),175.104.172.241,2015-09-18 19:46:43
アンカー(the Whole Nine Yards),126.205.3.96,2015-09-18 19:47:51
Shine(TIME PARADOX LAND),133.9.237.228,2015-09-18 19:49:29
アンカー(the Whole Nine Yards),118.109.123.182,2015-09-18 19:50:28
アンカー(the Whole Nine Yards),222.150.70.6,2015-09-18 19:54:30
アンカー(the Whole Nine Yards),222.150.70.6,2015-09-18 19:54:42
アンカー(the Whole Nine Yards),126.152.136.157,2015-09-18 19:56:29
アンカー(the Whole Nine Yards),182.250.245.5,2015-09-18 19:59:16
アンカー(the Whole Nine Yards),1.75.243.177,2015-09-18 20:00:44
星空協奏曲(ハジマリノマチ),119.72.192.174,2015-09-18 20:08:56
星空協奏曲(ハジマリノマチ),182.249.245.131,2015-09-18 20:09:14
星空協奏曲(ハジマリノマチ),182.249.245.131,2015-09-18 20:10:50
アンカー(the Whole Nine Yards),103.9.97.231,2015-09-18 20:20:48
Shine(TIME PARADOX LAND),126.103.164.34,2015-09-18 20:20:55
星空協奏曲(ハジマリノマチ),1.66.99.241,2015-09-18 20:24:08
Shine(TIME PARADOX LAND),182.250.250.40,2015-09-18 20:25:12
星空協奏曲(ハジマリノマチ),126.65.199.218,2015-09-18 20:34:11
星空協奏曲(ハジマリノマチ),49.98.170.196,2015-09-18 20:39:31
星空協奏曲(ハジマリノマチ),210.130.241.5,2015-09-18 20:42:03
星空協奏曲(ハジマリノマチ),210.130.241.5,2015-09-18 20:43:53
星空協奏曲(ハジマリノマチ),114.178.127.164,2015-09-18 20:44:36
星空協奏曲(ハジマリノマチ),118.158.62.188,2015-09-18 20:44:38
星空協奏曲(ハジマリノマチ),118.158.62.188,2015-09-18 20:46:18
星空協奏曲(ハジマリノマチ),153.227.202.11,2015-09-18 20:48:50
星空協奏曲(ハジマリノマチ),210.149.174.167,2015-09-18 20:48:59
星空協奏曲(ハジマリノマチ),124.219.229.238,2015-09-18 20:49:10
星空協奏曲(ハジマリノマチ),133.9.237.228,2015-09-18 20:50:15
アンカー(the Whole Nine Yards),126.255.91.52,2015-09-18 20:51:31
アンカー(the Whole Nine Yards),182.250.248.39,2015-09-18 20:52:59
アンカー(the Whole Nine Yards),126.255.155.254,2015-09-18 20:53:36
星空協奏曲(ハジマリノマチ),121.110.15.130,2015-09-18 21:01:44
星空協奏曲(ハジマリノマチ),175.108.29.59,2015-09-18 21:01:55
星空協奏曲(ハジマリノマチ),220.245.41.231,2015-09-18 21:03:47
星空協奏曲(ハジマリノマチ),126.216.214.79,2015-09-18 21:03:55
アンカー(the Whole Nine Yards),182.250.250.201,2015-09-18 21:20:32
アンカー(the Whole Nine Yards),219.162.85.206,2015-09-18 21:21:34
Shine(TIME PARADOX LAND),221.243.239.228,2015-09-18 21:25:25
アンカー(the Whole Nine Yards),182.249.242.39,2015-09-18 21:30:24
星空協奏曲(ハジマリノマチ),49.97.100.149,2015-09-18 21:31:50
星空協奏曲(ハジマリノマチ),49.97.103.194,2015-09-18 21:32:02
星空協奏曲(ハジマリノマチ),123.198.4.190,2015-09-18 21:35:48
星空協奏曲(ハジマリノマチ),1.79.87.172,2015-09-18 21:48:26
星空協奏曲(ハジマリノマチ),1.75.232.249,2015-09-18 21:50:51
星空協奏曲(ハジマリノマチ),126.65.229.198,2015-09-18 22:06:40
星空協奏曲(ハジマリノマチ),122.214.171.44,2015-09-18 22:14:13
アンカー(the Whole Nine Yards),182.250.250.39,2015-09-18 22:19:26
アンカー(the Whole Nine Yards),182.251.240.7,2015-09-18 22:40:42
星空協奏曲(ハジマリノマチ),42.148.184.3,2015-09-18 22:41:57
アンカー(the Whole Nine Yards),182.249.246.6,2015-09-18 22:45:21
Shine(TIME PARADOX LAND),182.250.246.233,2015-09-18 23:18:32
アンカー(the Whole Nine Yards),126.255.199.29,2015-09-18 23:19:55
アンカー(the Whole Nine Yards),182.250.243.226,2015-09-18 23:21:08
星空協奏曲(ハジマリノマチ),119.242.99.227,2015-09-18 23:26:16
星空協奏曲(ハジマリノマチ),119.242.99.227,2015-09-18 23:28:09
アンカー(the Whole Nine Yards),122.255.211.169,2015-09-18 23:36:41
星空協奏曲(ハジマリノマチ),126.255.73.74,2015-09-18 23:50:57
星空協奏曲(ハジマリノマチ),182.250.250.34,2015-09-19 00:14:27
アンカー(the Whole Nine Yards),1.72.0.242,2015-09-19 00:33:49
アンカー(the Whole Nine Yards),182.250.243.42,2015-09-19 00:58:21
アンカー(the Whole Nine Yards),49.96.43.226,2015-09-19 01:05:31
Shine(TIME PARADOX LAND),182.250.250.203,2015-09-19 01:33:47
アンカー(the Whole Nine Yards),116.220.10.68,2015-09-19 01:59:27
アンカー(the Whole Nine Yards),125.196.243.140,2015-09-19 02:05:48
彩りの旋律(Rush Works),182.250.243.1,2015-09-19 02:50:01
星空協奏曲(ハジマリノマチ),210.154.143.57,2015-09-19 02:57:22
Shine(TIME PARADOX LAND),182.250.245.9,2015-09-19 03:12:14
アンカー(the Whole Nine Yards),126.205.82.212,2015-09-19 03:26:35
アンカー(the Whole Nine Yards),59.146.39.250,2015-09-19 03:26:54
アンカー(the Whole Nine Yards),59.146.39.250,2015-09-19 03:27:34
アンカー(the Whole Nine Yards),59.146.39.250,2015-09-19 03:28:08
星空協奏曲(ハジマリノマチ),182.250.245.33,2015-09-19 05:26:37
星空協奏曲(ハジマリノマチ),118.9.180.57,2015-09-19 07:10:06
星空協奏曲(ハジマリノマチ),219.110.119.69,2015-09-19 08:08:24
星空協奏曲(ハジマリノマチ),123.254.36.32,2015-09-19 08:10:18
星空協奏曲(ハジマリノマチ),49.98.148.28,2015-09-19 09:57:28
星空協奏曲(ハジマリノマチ),42.148.60.245,2015-09-19 10:20:41
アンカー(the Whole Nine Yards),182.249.245.140,2015-09-19 10:27:14
星空協奏曲(ハジマリノマチ),1.75.235.150,2015-09-19 10:30:11
星空協奏曲(ハジマリノマチ),182.249.245.138,2015-09-19 10:39:18
星空協奏曲(ハジマリノマチ),182.250.250.203,2015-09-19 10:40:02
Shine(TIME PARADOX LAND),123.221.213.48,2015-09-19 10:48:10
Shine(TIME PARADOX LAND),210.238.88.130,2015-09-19 11:32:10
彩りの旋律(Rush Works),14.3.177.250,2015-09-19 11:46:30
アンカー(the Whole Nine Yards),126.186.81.12,2015-09-19 11:57:10
星空協奏曲(ハジマリノマチ),1.75.228.140,2015-09-19 12:51:51
アンカー(the Whole Nine Yards),126.255.194.34,2015-09-19 12:56:12
アンカー(the Whole Nine Yards),126.254.139.38,2015-09-19 13:00:27
星空協奏曲(ハジマリノマチ),126.161.33.48,2015-09-19 13:03:52
星空協奏曲(ハジマリノマチ),126.204.59.193,2015-09-19 13:03:54
星空協奏曲(ハジマリノマチ),126.229.37.153,2015-09-19 13:04:37
星空協奏曲(ハジマリノマチ),126.237.40.37,2015-09-19 13:05:17
星空協奏曲(ハジマリノマチ),126.237.42.204,2015-09-19 13:05:22
星空協奏曲(ハジマリノマチ),126.237.68.133,2015-09-19 13:06:26
星空協奏曲(ハジマリノマチ),126.186.82.25,2015-09-19 13:07:20
星空協奏曲(ハジマリノマチ),126.186.81.99,2015-09-19 13:08:14
星空協奏曲(ハジマリノマチ),126.186.210.63,2015-09-19 13:11:54
星空協奏曲(ハジマリノマチ),126.205.3.181,2015-09-19 13:12:52
星空協奏曲(ハジマリノマチ),126.161.122.78,2015-09-19 13:14:17
星空協奏曲(ハジマリノマチ),126.186.113.82,2015-09-19 13:14:25
星空協奏曲(ハジマリノマチ),126.229.37.241,2015-09-19 13:15:41
星空協奏曲(ハジマリノマチ),126.204.42.90,2015-09-19 13:16:10
星空協奏曲(ハジマリノマチ),126.229.0.243,2015-09-19 13:17:44
アンカー(the Whole Nine Yards),126.152.129.66,2015-09-19 13:23:01
星空協奏曲(ハジマリノマチ),182.250.245.4,2015-09-19 13:24:47
アンカー(the Whole Nine Yards),126.14.159.30,2015-09-19 13:25:01
星空協奏曲(ハジマリノマチ),182.250.246.194,2015-09-19 13:27:13
星空協奏曲(ハジマリノマチ),182.250.245.10,2015-09-19 13:27:54
星空協奏曲(ハジマリノマチ),122.219.131.210,2015-09-19 13:48:57
星空協奏曲(ハジマリノマチ),122.219.131.210,2015-09-19 13:49:50
アンカー(the Whole Nine Yards),182.250.250.8,2015-09-19 14:05:49
アンカー(the Whole Nine Yards),119.104.44.30,2015-09-19 14:06:57
星空協奏曲(ハジマリノマチ),36.12.3.29,2015-09-19 14:16:15
アンカー(the Whole Nine Yards),128.223.223.254,2015-09-19 14:16:19
Shine(TIME PARADOX LAND),111.217.187.110,2015-09-19 14:39:49
星空協奏曲(ハジマリノマチ),49.129.173.243,2015-09-19 14:41:03
星空協奏曲(ハジマリノマチ),49.98.166.162,2015-09-19 15:11:44
星空協奏曲(ハジマリノマチ),116.199.185.52,2015-09-19 15:19:51
アンカー(the Whole Nine Yards),202.229.19.55,2015-09-19 15:26:16
アンカー(the Whole Nine Yards),126.236.0.111,2015-09-19 15:34:24
アンカー(the Whole Nine Yards),126.205.143.249,2015-09-19 15:40:10
アンカー(the Whole Nine Yards),126.152.140.230,2015-09-19 15:42:28
星空協奏曲(ハジマリノマチ),202.226.226.113,2015-09-19 15:52:41
星空協奏曲(ハジマリノマチ),106.167.136.204,2015-09-19 15:56:02
星空協奏曲(ハジマリノマチ),106.167.136.204,2015-09-19 15:56:14
星空協奏曲(ハジマリノマチ),106.167.136.204,2015-09-19 16:01:02
星空協奏曲(ハジマリノマチ),49.98.155.191,2015-09-19 16:02:08
アンカー(the Whole Nine Yards),133.9.237.228,2015-09-19 16:17:06
星空協奏曲(ハジマリノマチ),119.104.82.140,2015-09-19 16:29:55
星空協奏曲(ハジマリノマチ),153.208.20.225,2015-09-19 16:31:11
星空協奏曲(ハジマリノマチ),49.98.145.7,2015-09-19 16:38:52
アンカー(the Whole Nine Yards),210.145.183.75,2015-09-19 16:39:12
星空協奏曲(ハジマリノマチ),220.146.30.215,2015-09-19 16:51:11
アンカー(the Whole Nine Yards),126.229.5.76,2015-09-19 16:52:15
星空協奏曲(ハジマリノマチ),49.97.31.127,2015-09-19 16:52:52
アンカー(the Whole Nine Yards),112.138.96.247,2015-09-19 16:58:05
星空協奏曲(ハジマリノマチ),124.211.107.89,2015-09-19 17:06:11
星空協奏曲(ハジマリノマチ),1.75.214.240,2015-09-19 17:07:33
アンカー(the Whole Nine Yards),182.250.248.10,2015-09-19 17:17:40
星空協奏曲(ハジマリノマチ),182.250.250.8,2015-09-19 17:20:12
彩りの旋律(Rush Works),182.249.245.142,2015-09-19 17:22:00
彩りの旋律(Rush Works),182.249.245.142,2015-09-19 17:22:39
星空協奏曲(ハジマリノマチ),182.250.248.232,2015-09-19 17:23:17
彩りの旋律(Rush Works),182.249.245.142,2015-09-19 17:23:21
彩りの旋律(Rush Works),182.250.250.33,2015-09-19 17:30:13
彩りの旋律(Rush Works),182.250.250.38,2015-09-19 17:39:10
彩りの旋律(Rush Works),126.236.145.190,2015-09-19 17:39:21
彩りの旋律(Rush Works),60.236.164.39,2015-09-19 17:39:49
星空協奏曲(ハジマリノマチ),219.198.58.1,2015-09-19 17:44:06
アンカー(the Whole Nine Yards),49.97.103.34,2015-09-19 17:44:18
星空協奏曲(ハジマリノマチ),119.83.196.6,2015-09-19 17:48:41
星空協奏曲(ハジマリノマチ),182.250.248.6,2015-09-19 17:54:10
彩りの旋律(Rush Works),124.35.230.28,2015-09-19 17:54:51
星空協奏曲(ハジマリノマチ),182.250.246.231,2015-09-19 17:56:39
星空協奏曲(ハジマリノマチ),106.171.39.236,2015-09-19 17:57:52
星空協奏曲(ハジマリノマチ),182.250.250.234,2015-09-19 17:59:02
星空協奏曲(ハジマリノマチ),49.98.148.83,2015-09-19 18:00:15
星空協奏曲(ハジマリノマチ),182.250.250.43,2015-09-19 18:00:39
Shine(TIME PARADOX LAND),182.250.246.202,2015-09-19 18:02:05
星空協奏曲(ハジマリノマチ),182.250.246.199,2015-09-19 18:06:36
星空協奏曲(ハジマリノマチ),182.250.246.202,2015-09-19 18:07:31
星空協奏曲(ハジマリノマチ),182.250.246.202,2015-09-19 18:08:50
星空協奏曲(ハジマリノマチ),182.250.246.195,2015-09-19 18:14:19
星空協奏曲(ハジマリノマチ),1.47.201.12,2015-09-19 18:18:28
星空協奏曲(ハジマリノマチ),126.205.141.149,2015-09-19 18:23:58
星空協奏曲(ハジマリノマチ),220.102.43.242,2015-09-19 18:24:01
Shine(TIME PARADOX LAND),1.79.32.136,2015-09-19 18:27:58
Shine(TIME PARADOX LAND),114.177.160.55,2015-09-19 19:33:15
アンカー(the Whole Nine Yards),49.96.228.215,2015-09-19 19:48:07
星空協奏曲(ハジマリノマチ),124.150.186.124,2015-09-19 19:49:05
星空協奏曲(ハジマリノマチ),59.133.22.208,2015-09-19 19:54:11
Shine(TIME PARADOX LAND),49.98.143.135,2015-09-19 20:04:40
星空協奏曲(ハジマリノマチ),27.141.66.158,2015-09-19 20:05:26
アンカー(the Whole Nine Yards),182.250.248.197,2015-09-19 20:07:32
アンカー(the Whole Nine Yards),182.250.253.37,2015-09-19 20:10:00
星空協奏曲(ハジマリノマチ),49.229.84.225,2015-09-19 20:12:06
Shine(TIME PARADOX LAND),49.106.192.57,2015-09-19 20:51:05
Shine(TIME PARADOX LAND),157.65.40.237,2015-09-19 20:56:34
アンカー(the Whole Nine Yards),27.140.165.182,2015-09-19 20:59:56
アンカー(the Whole Nine Yards),182.250.246.231,2015-09-19 21:09:17
アンカー(the Whole Nine Yards),49.98.166.80,2015-09-19 21:09:35
アンカー(the Whole Nine Yards),182.250.253.198,2015-09-19 21:09:38
Shine(TIME PARADOX LAND),221.241.65.33,2015-09-19 21:18:26
星空協奏曲(ハジマリノマチ),219.110.48.146,2015-09-19 21:25:00
アンカー(the Whole Nine Yards),126.255.24.219,2015-09-19 21:30:17
星空協奏曲(ハジマリノマチ),60.71.215.103,2015-09-19 22:09:31
Shine(TIME PARADOX LAND),126.74.234.230,2015-09-19 22:24:58
Shine(TIME PARADOX LAND),124.211.112.202,2015-09-19 23:19:59
アンカー(the Whole Nine Yards),210.194.103.122,2015-09-20 00:09:02
彩りの旋律(Rush Works),113.40.229.3,2015-09-20 00:14:59
アンカー(the Whole Nine Yards),126.204.164.83,2015-09-20 00:28:09
星空協奏曲(ハジマリノマチ),101.102.241.192,2015-09-20 01:23:33
アンカー(the Whole Nine Yards),126.236.138.242,2015-09-20 01:47:20
Shine(TIME PARADOX LAND),175.133.70.177,2015-09-20 02:12:06
星空協奏曲(ハジマリノマチ),1.75.208.215,2015-09-20 02:26:22
Shine(TIME PARADOX LAND),182.250.248.231,2015-09-20 05:43:52
星空協奏曲(ハジマリノマチ),126.236.170.216,2015-09-20 06:46:38
アンカー(the Whole Nine Yards),126.103.250.225,2015-09-20 07:16:04
アンカー(the Whole Nine Yards),49.98.162.121,2015-09-20 08:07:40
アンカー(the Whole Nine Yards),49.239.76.51,2015-09-20 08:15:54
星空協奏曲(ハジマリノマチ),153.155.99.140,2015-09-20 09:49:45
星空協奏曲(ハジマリノマチ),126.255.151.51,2015-09-20 10:12:07
星空協奏曲(ハジマリノマチ),223.134.127.232,2015-09-20 10:19:30
星空協奏曲(ハジマリノマチ),106.185.12.202,2015-09-20 10:36:19
星空協奏曲(ハジマリノマチ),101.111.99.38,2015-09-20 10:36:51
星空協奏曲(ハジマリノマチ),1.75.210.167,2015-09-20 10:37:36
星空協奏曲(ハジマリノマチ),219.110.138.227,2015-09-20 10:39:19
星空協奏曲(ハジマリノマチ),106.168.93.127,2015-09-20 10:49:00
星空協奏曲(ハジマリノマチ),182.249.245.166,2015-09-20 10:51:45
彩りの旋律(Rush Works),49.96.32.233,2015-09-20 10:55:44
星空協奏曲(ハジマリノマチ),116.83.153.249,2015-09-20 10:57:20
星空協奏曲(ハジマリノマチ),221.251.133.114,2015-09-20 10:57:47
星空協奏曲(ハジマリノマチ),126.236.85.34,2015-09-20 11:04:11
星空協奏曲(ハジマリノマチ),49.98.147.148,2015-09-20 11:12:00
Shine(TIME PARADOX LAND),119.224.227.40,2015-09-20 11:25:44
星空協奏曲(ハジマリノマチ),114.17.171.233,2015-09-20 11:30:27
星空協奏曲(ハジマリノマチ),125.205.153.99,2015-09-20 11:43:31
星空協奏曲(ハジマリノマチ),49.98.168.133,2015-09-20 11:51:22
星空協奏曲(ハジマリノマチ),126.80.245.180,2015-09-20 11:56:51
星空協奏曲(ハジマリノマチ),49.98.211.127,2015-09-20 12:22:02
星空協奏曲(ハジマリノマチ),219.110.119.69,2015-09-20 12:28:24
彩りの旋律(Rush Works),153.219.158.24,2015-09-20 12:31:33
彩りの旋律(Rush Works),153.219.158.24,2015-09-20 12:33:32
星空協奏曲(ハジマリノマチ),126.255.199.160,2015-09-20 13:04:53
星空協奏曲(ハジマリノマチ),122.133.110.158,2015-09-20 13:09:11
星空協奏曲(ハジマリノマチ),220.220.125.171,2015-09-20 13:46:34
星空協奏曲(ハジマリノマチ),1.75.214.166,2015-09-20 13:50:31
Shine(TIME PARADOX LAND),133.9.237.228,2015-09-20 13:52:02
星空協奏曲(ハジマリノマチ),39.2.181.73,2015-09-20 14:22:46
星空協奏曲(ハジマリノマチ),126.161.23.179,2015-09-20 14:26:55
星空協奏曲(ハジマリノマチ),101.111.248.2,2015-09-20 14:30:02
アンカー(the Whole Nine Yards),126.253.101.141,2015-09-20 14:34:54
アンカー(the Whole Nine Yards),122.212.32.98,2015-09-20 14:36:29
Shine(TIME PARADOX LAND),126.236.140.43,2015-09-20 14:36:56
アンカー(the Whole Nine Yards),49.98.128.115,2015-09-20 15:08:56
星空協奏曲(ハジマリノマチ),125.205.153.99,2015-09-20 15:37:12
星空協奏曲(ハジマリノマチ),1.72.3.1,2015-09-20 15:37:56
星空協奏曲(ハジマリノマチ),1.72.3.167,2015-09-20 15:44:41
星空協奏曲(ハジマリノマチ),49.98.147.12,2015-09-20 16:05:26
星空協奏曲(ハジマリノマチ),49.97.101.98,2015-09-20 16:28:30
星空協奏曲(ハジマリノマチ),118.9.180.57,2015-09-20 16:29:10
星空協奏曲(ハジマリノマチ),182.249.245.151,2015-09-20 16:33:55
星空協奏曲(ハジマリノマチ),49.106.192.200,2015-09-20 16:45:44
星空協奏曲(ハジマリノマチ),49.97.92.74,2015-09-20 16:46:42
星空協奏曲(ハジマリノマチ),126.254.13.251,2015-09-20 16:57:58
Shine(TIME PARADOX LAND),49.97.96.125,2015-09-20 17:01:31
星空協奏曲(ハジマリノマチ),114.148.18.120,2015-09-20 17:03:01
星空協奏曲(ハジマリノマチ),182.250.250.8,2015-09-20 17:09:33
彩りの旋律(Rush Works),1.75.214.18,2015-09-20 17:15:54
星空協奏曲(ハジマリノマチ),126.254.76.218,2015-09-20 17:23:57
星空協奏曲(ハジマリノマチ),106.188.14.28,2015-09-20 17:28:24
星空協奏曲(ハジマリノマチ),27.84.152.213,2015-09-20 18:19:03
星空協奏曲(ハジマリノマチ),114.166.64.78,2015-09-20 18:44:31
アンカー(the Whole Nine Yards),126.21.153.228,2015-09-20 18:44:45
アンカー(the Whole Nine Yards),126.21.152.154,2015-09-20 18:45:56
アンカー(the Whole Nine Yards),27.84.152.213,2015-09-20 19:08:30
星空協奏曲(ハジマリノマチ),219.175.55.79,2015-09-20 19:14:12
星空協奏曲(ハジマリノマチ),219.175.55.79,2015-09-20 19:17:04
星空協奏曲(ハジマリノマチ),49.97.97.14,2015-09-20 19:42:33
星空協奏曲(ハジマリノマチ),1.66.105.9,2015-09-20 19:47:58
星空協奏曲(ハジマリノマチ),49.98.148.170,2015-09-20 20:15:01
星空協奏曲(ハジマリノマチ),115.163.156.24,2015-09-20 20:24:35
星空協奏曲(ハジマリノマチ),49.98.153.22,2015-09-20 20:33:57
星空協奏曲(ハジマリノマチ),106.167.136.204,2015-09-20 20:48:56
星空協奏曲(ハジマリノマチ),36.2.24.23,2015-09-20 21:05:54
星空協奏曲(ハジマリノマチ),116.199.185.52,2015-09-20 21:42:01
星空協奏曲(ハジマリノマチ),182.251.240.10,2015-09-20 21:49:58
Shine(TIME PARADOX LAND),126.254.212.42,2015-09-20 21:55:00
星空協奏曲(ハジマリノマチ),49.97.98.211,2015-09-20 22:20:28
星空協奏曲(ハジマリノマチ),1.66.97.159,2015-09-20 22:24:46
彩りの旋律(Rush Works),49.98.157.53,2015-09-20 22:28:59
アンカー(the Whole Nine Yards),126.203.244.166,2015-09-20 22:32:27
アンカー(the Whole Nine Yards),119.104.44.31,2015-09-20 22:44:51
星空協奏曲(ハジマリノマチ),42.83.49.35,2015-09-20 22:52:50
アンカー(the Whole Nine Yards),125.172.90.56,2015-09-20 23:03:11
星空協奏曲(ハジマリノマチ),210.142.99.225,2015-09-20 23:05:32
星空協奏曲(ハジマリノマチ),126.253.9.245,2015-09-20 23:30:25
アンカー(the Whole Nine Yards),1.75.228.200,2015-09-20 23:42:51
星空協奏曲(ハジマリノマチ),59.157.66.85,2015-09-21 00:07:03
Shine(TIME PARADOX LAND),223.134.118.58,2015-09-21 00:14:38
星空協奏曲(ハジマリノマチ),27.142.34.149,2015-09-21 02:25:58
星空協奏曲(ハジマリノマチ),202.162.159.193,2015-09-21 05:26:04
星空協奏曲(ハジマリノマチ),210.250.127.14,2015-09-21 06:22:08
星空協奏曲(ハジマリノマチ),118.157.69.33,2015-09-21 08:54:53
星空協奏曲(ハジマリノマチ),114.148.224.216,2015-09-21 08:58:45
星空協奏曲(ハジマリノマチ),125.0.12.219,2015-09-21 08:59:16
アンカー(the Whole Nine Yards),66.249.82.194,2015-09-21 09:10:47
アンカー(the Whole Nine Yards),126.18.42.35,2015-09-21 09:33:06
Shine(TIME PARADOX LAND),219.124.132.164,2015-09-21 09:44:47
アンカー(the Whole Nine Yards),126.236.96.34,2015-09-21 09:45:09
アンカー(the Whole Nine Yards),126.152.32.255,2015-09-21 09:46:35
星空協奏曲(ハジマリノマチ),27.84.172.119,2015-09-21 09:47:20
アンカー(the Whole Nine Yards),126.205.6.191,2015-09-21 09:47:30
アンカー(the Whole Nine Yards),126.152.94.71,2015-09-21 09:48:01
彩りの旋律(Rush Works),114.49.41.74,2015-09-21 09:49:30
彩りの旋律(Rush Works),114.49.41.74,2015-09-21 09:49:31
彩りの旋律(Rush Works),114.49.41.74,2015-09-21 09:49:31
アンカー(the Whole Nine Yards),126.186.9.181,2015-09-21 09:49:49
アンカー(the Whole Nine Yards),126.161.91.4,2015-09-21 09:49:57
アンカー(the Whole Nine Yards),106.149.216.39,2015-09-21 10:30:41
彩りの旋律(Rush Works),49.97.32.28,2015-09-21 10:57:23
星空協奏曲(ハジマリノマチ),126.203.195.205,2015-09-21 12:01:21
星空協奏曲(ハジマリノマチ),123.227.137.68,2015-09-21 12:20:53
星空協奏曲(ハジマリノマチ),1.72.8.81,2015-09-21 12:22:03
星空協奏曲(ハジマリノマチ),1.72.6.222,2015-09-21 12:22:57
星空協奏曲(ハジマリノマチ),36.2.203.163,2015-09-21 12:45:49
星空協奏曲(ハジマリノマチ),126.236.85.162,2015-09-21 12:45:52
星空協奏曲(ハジマリノマチ),36.2.203.163,2015-09-21 12:45:57
星空協奏曲(ハジマリノマチ),126.255.72.144,2015-09-21 12:46:43
星空協奏曲(ハジマリノマチ),121.117.79.194,2015-09-21 12:52:48
星空協奏曲(ハジマリノマチ),121.117.79.194,2015-09-21 12:53:04
星空協奏曲(ハジマリノマチ),49.97.92.20,2015-09-21 12:53:36
星空協奏曲(ハジマリノマチ),121.117.79.194,2015-09-21 12:53:44
星空協奏曲(ハジマリノマチ),183.74.205.58,2015-09-21 12:54:03
星空協奏曲(ハジマリノマチ),183.74.206.9,2015-09-21 12:54:08
星空協奏曲(ハジマリノマチ),121.117.79.194,2015-09-21 12:54:48
星空協奏曲(ハジマリノマチ),49.98.209.73,2015-09-21 12:55:17
星空協奏曲(ハジマリノマチ),183.74.205.97,2015-09-21 12:55:28
星空協奏曲(ハジマリノマチ),49.97.102.87,2015-09-21 12:55:41
星空協奏曲(ハジマリノマチ),49.106.193.155,2015-09-21 12:55:53
星空協奏曲(ハジマリノマチ),49.97.92.246,2015-09-21 12:56:56
アンカー(the Whole Nine Yards),220.215.160.13,2015-09-21 13:05:44
星空協奏曲(ハジマリノマチ),126.186.211.18,2015-09-21 13:15:07
星空協奏曲(ハジマリノマチ),119.240.232.108,2015-09-21 13:15:12
星空協奏曲(ハジマリノマチ),126.21.149.10,2015-09-21 13:15:12
星空協奏曲(ハジマリノマチ),126.186.148.154,2015-09-21 13:15:36
星空協奏曲(ハジマリノマチ),126.21.148.180,2015-09-21 13:15:46
星空協奏曲(ハジマリノマチ),119.240.232.108,2015-09-21 13:16:17
星空協奏曲(ハジマリノマチ),119.240.232.108,2015-09-21 13:16:33
星空協奏曲(ハジマリノマチ),126.204.56.26,2015-09-21 13:18:06
星空協奏曲(ハジマリノマチ),27.230.195.33,2015-09-21 13:19:53
星空協奏曲(ハジマリノマチ),49.98.211.108,2015-09-21 13:20:11
星空協奏曲(ハジマリノマチ),1.66.105.250,2015-09-21 13:20:13
星空協奏曲(ハジマリノマチ),49.97.97.44,2015-09-21 13:20:14
星空協奏曲(ハジマリノマチ),183.74.206.236,2015-09-21 13:21:25
星空協奏曲(ハジマリノマチ),49.97.93.223,2015-09-21 13:21:34
星空協奏曲(ハジマリノマチ),49.97.97.44,2015-09-21 13:21:42
星空協奏曲(ハジマリノマチ),49.97.93.127,2015-09-21 13:22:20
星空協奏曲(ハジマリノマチ),49.98.211.249,2015-09-21 13:22:30
星空協奏曲(ハジマリノマチ),49.98.209.116,2015-09-21 13:22:48
星空協奏曲(ハジマリノマチ),27.230.195.33,2015-09-21 13:23:31
星空協奏曲(ハジマリノマチ),183.74.206.221,2015-09-21 13:23:43
星空協奏曲(ハジマリノマチ),49.98.210.244,2015-09-21 13:25:49
星空協奏曲(ハジマリノマチ),126.161.122.26,2015-09-21 13:29:08
星空協奏曲(ハジマリノマチ),126.21.148.171,2015-09-21 13:29:23
星空協奏曲(ハジマリノマチ),126.21.149.123,2015-09-21 13:29:27
星空協奏曲(ハジマリノマチ),126.161.2.32,2015-09-21 13:30:07
星空協奏曲(ハジマリノマチ),126.161.125.12,2015-09-21 13:36:28
星空協奏曲(ハジマリノマチ),126.186.208.235,2015-09-21 13:36:35
星空協奏曲(ハジマリノマチ),106.171.37.15,2015-09-21 13:36:47
星空協奏曲(ハジマリノマチ),106.171.34.189,2015-09-21 13:37:25
星空協奏曲(ハジマリノマチ),106.171.33.77,2015-09-21 13:37:27
星空協奏曲(ハジマリノマチ),182.250.245.43,2015-09-21 13:37:41
星空協奏曲(ハジマリノマチ),182.250.250.226,2015-09-21 13:38:44
星空協奏曲(ハジマリノマチ),106.171.53.176,2015-09-21 13:39:33
星空協奏曲(ハジマリノマチ),182.250.245.42,2015-09-21 13:39:36
星空協奏曲(ハジマリノマチ),106.171.47.111,2015-09-21 13:40:37
星空協奏曲(ハジマリノマチ),106.171.43.179,2015-09-21 13:40:46
星空協奏曲(ハジマリノマチ),1.79.71.112,2015-09-21 13:46:50
彩りの旋律(Rush Works),126.254.75.43,2015-09-21 13:50:14
星空協奏曲(ハジマリノマチ),210.249.50.91,2015-09-21 13:54:35
星空協奏曲(ハジマリノマチ),106.171.85.160,2015-09-21 13:55:08
星空協奏曲(ハジマリノマチ),103.5.142.16,2015-09-21 13:55:24
星空協奏曲(ハジマリノマチ),182.250.245.7,2015-09-21 13:55:56
星空協奏曲(ハジマリノマチ),182.250.246.194,2015-09-21 13:56:05
彩りの旋律(Rush Works),219.202.255.21,2015-09-21 13:59:28
彩りの旋律(Rush Works),219.202.255.21,2015-09-21 13:59:32
星空協奏曲(ハジマリノマチ),183.74.204.215,2015-09-21 14:11:29
星空協奏曲(ハジマリノマチ),126.65.85.64,2015-09-21 14:15:16
星空協奏曲(ハジマリノマチ),49.97.93.86,2015-09-21 14:16:27
星空協奏曲(ハジマリノマチ),49.98.211.14,2015-09-21 14:16:27
星空協奏曲(ハジマリノマチ),49.98.209.145,2015-09-21 14:16:28
星空協奏曲(ハジマリノマチ),49.98.209.160,2015-09-21 14:17:24
星空協奏曲(ハジマリノマチ),153.209.100.132,2015-09-21 14:21:06
星空協奏曲(ハジマリノマチ),153.209.100.132,2015-09-21 14:21:11
星空協奏曲(ハジマリノマチ),153.209.100.132,2015-09-21 14:21:33
星空協奏曲(ハジマリノマチ),153.209.100.132,2015-09-21 14:21:55
星空協奏曲(ハジマリノマチ),153.209.100.132,2015-09-21 14:22:02
星空協奏曲(ハジマリノマチ),153.209.100.132,2015-09-21 14:22:24
星空協奏曲(ハジマリノマチ),153.209.100.132,2015-09-21 14:23:10
星空協奏曲(ハジマリノマチ),106.136.95.81,2015-09-21 14:23:34
星空協奏曲(ハジマリノマチ),153.209.100.132,2015-09-21 14:24:19
星空協奏曲(ハジマリノマチ),182.250.250.34,2015-09-21 14:24:39
星空協奏曲(ハジマリノマチ),182.249.242.147,2015-09-21 14:25:31
星空協奏曲(ハジマリノマチ),182.250.250.41,2015-09-21 14:25:48
星空協奏曲(ハジマリノマチ),182.249.242.151,2015-09-21 14:26:24
星空協奏曲(ハジマリノマチ),182.249.242.164,2015-09-21 14:26:50
星空協奏曲(ハジマリノマチ),126.237.11.207,2015-09-21 14:27:27
星空協奏曲(ハジマリノマチ),182.249.242.139,2015-09-21 14:28:48
星空協奏曲(ハジマリノマチ),182.250.250.43,2015-09-21 14:28:53
星空協奏曲(ハジマリノマチ),182.249.242.151,2015-09-21 14:29:33
星空協奏曲(ハジマリノマチ),182.250.246.200,2015-09-21 14:30:47
星空協奏曲(ハジマリノマチ),153.209.100.132,2015-09-21 14:32:27
星空協奏曲(ハジマリノマチ),49.98.171.125,2015-09-21 14:34:00
星空協奏曲(ハジマリノマチ),49.98.211.39,2015-09-21 14:37:18
星空協奏曲(ハジマリノマチ),49.98.211.82,2015-09-21 14:37:21
星空協奏曲(ハジマリノマチ),126.236.95.41,2015-09-21 14:38:01
星空協奏曲(ハジマリノマチ),49.98.208.198,2015-09-21 14:38:11
星空協奏曲(ハジマリノマチ),126.254.128.70,2015-09-21 14:38:55
星空協奏曲(ハジマリノマチ),126.255.88.148,2015-09-21 14:38:55
星空協奏曲(ハジマリノマチ),49.98.208.207,2015-09-21 14:39:50
星空協奏曲(ハジマリノマチ),126.152.210.74,2015-09-21 14:39:57
星空協奏曲(ハジマリノマチ),182.249.245.40,2015-09-21 14:47:22
星空協奏曲(ハジマリノマチ),126.21.168.165,2015-09-21 14:47:36
星空協奏曲(ハジマリノマチ),49.229.88.38,2015-09-21 15:05:19
星空協奏曲(ハジマリノマチ),126.161.2.32,2015-09-21 15:30:12
星空協奏曲(ハジマリノマチ),126.186.161.114,2015-09-21 15:31:01
星空協奏曲(ハジマリノマチ),126.186.228.16,2015-09-21 15:31:50
星空協奏曲(ハジマリノマチ),126.253.141.119,2015-09-21 15:31:51
星空協奏曲(ハジマリノマチ),126.205.197.162,2015-09-21 15:32:34
星空協奏曲(ハジマリノマチ),126.186.145.206,2015-09-21 15:33:27
星空協奏曲(ハジマリノマチ),126.254.97.197,2015-09-21 15:33:28
星空協奏曲(ハジマリノマチ),126.255.11.154,2015-09-21 15:34:14
星空協奏曲(ハジマリノマチ),126.236.9.169,2015-09-21 15:34:34
星空協奏曲(ハジマリノマチ),126.255.14.53,2015-09-21 15:34:54
星空協奏曲(ハジマリノマチ),126.152.128.182,2015-09-21 15:35:47
星空協奏曲(ハジマリノマチ),126.255.13.23,2015-09-21 15:36:28
星空協奏曲(ハジマリノマチ),126.229.17.70,2015-09-21 15:36:58
星空協奏曲(ハジマリノマチ),126.204.59.111,2015-09-21 15:37:52
星空協奏曲(ハジマリノマチ),126.186.132.205,2015-09-21 15:38:17
星空協奏曲(ハジマリノマチ),126.186.164.53,2015-09-21 15:39:07
星空協奏曲(ハジマリノマチ),126.229.4.27,2015-09-21 15:40:53
星空協奏曲(ハジマリノマチ),126.212.20.203,2015-09-21 15:40:59
星空協奏曲(ハジマリノマチ),182.250.248.203,2015-09-21 15:41:55
星空協奏曲(ハジマリノマチ),182.250.248.198,2015-09-21 15:42:03
星空協奏曲(ハジマリノマチ),126.161.20.201,2015-09-21 15:43:00
星空協奏曲(ハジマリノマチ),182.250.248.198,2015-09-21 15:44:21
星空協奏曲(ハジマリノマチ),182.250.248.198,2015-09-21 15:44:30
星空協奏曲(ハジマリノマチ),182.250.248.198,2015-09-21 15:45:00
彩りの旋律(Rush Works),182.250.245.41,2015-09-21 15:45:46
星空協奏曲(ハジマリノマチ),182.250.245.2,2015-09-21 15:47:47
星空協奏曲(ハジマリノマチ),182.250.248.194,2015-09-21 15:47:57
星空協奏曲(ハジマリノマチ),182.250.248.200,2015-09-21 15:48:46
星空協奏曲(ハジマリノマチ),182.250.245.38,2015-09-21 15:49:09
星空協奏曲(ハジマリノマチ),182.250.248.200,2015-09-21 15:49:48
星空協奏曲(ハジマリノマチ),182.250.248.198,2015-09-21 15:50:10
星空協奏曲(ハジマリノマチ),182.250.248.193,2015-09-21 15:50:53
星空協奏曲(ハジマリノマチ),182.250.248.195,2015-09-21 15:51:31
星空協奏曲(ハジマリノマチ),182.250.248.196,2015-09-21 15:52:13
星空協奏曲(ハジマリノマチ),182.250.248.195,2015-09-21 15:52:38
星空協奏曲(ハジマリノマチ),182.250.248.199,2015-09-21 15:52:45
星空協奏曲(ハジマリノマチ),182.250.250.226,2015-09-21 15:54:12
星空協奏曲(ハジマリノマチ),126.204.192.83,2015-09-21 15:55:10
星空協奏曲(ハジマリノマチ),126.236.16.17,2015-09-21 15:56:22
星空協奏曲(ハジマリノマチ),126.255.27.95,2015-09-21 15:56:53
星空協奏曲(ハジマリノマチ),126.253.233.66,2015-09-21 15:57:29
星空協奏曲(ハジマリノマチ),126.21.168.21,2015-09-21 15:57:29
星空協奏曲(ハジマリノマチ),126.255.22.115,2015-09-21 15:58:10
星空協奏曲(ハジマリノマチ),126.21.168.2,2015-09-21 15:58:19
星空協奏曲(ハジマリノマチ),126.236.164.94,2015-09-21 15:58:47
星空協奏曲(ハジマリノマチ),126.255.146.81,2015-09-21 15:59:13
星空協奏曲(ハジマリノマチ),126.186.192.95,2015-09-21 16:00:03
星空協奏曲(ハジマリノマチ),126.237.35.69,2015-09-21 16:00:44
星空協奏曲(ハジマリノマチ),126.237.32.96,2015-09-21 16:01:16
星空協奏曲(ハジマリノマチ),126.204.17.234,2015-09-21 16:01:40
アンカー(the Whole Nine Yards),182.249.245.156,2015-09-21 16:11:37
アンカー(the Whole Nine Yards),133.26.180.252,2015-09-21 16:26:09
星空協奏曲(ハジマリノマチ),126.186.242.89,2015-09-21 16:33:10
アンカー(the Whole Nine Yards),124.154.224.203,2015-09-21 16:41:09
アンカー(the Whole Nine Yards),180.233.101.44,2015-09-21 16:43:04
Shine(TIME PARADOX LAND),126.205.3.39,2015-09-21 16:46:55
Shine(TIME PARADOX LAND),1.75.6.67,2015-09-21 17:24:03
Shine(TIME PARADOX LAND),133.9.237.228,2015-09-21 17:34:43
アンカー(the Whole Nine Yards),182.249.246.32,2015-09-21 17:40:09
アンカー(the Whole Nine Yards),126.253.77.177,2015-09-21 17:43:30
アンカー(the Whole Nine Yards),49.98.160.24,2015-09-21 18:05:08
アンカー(the Whole Nine Yards),126.186.8.153,2015-09-21 18:06:27
星空協奏曲(ハジマリノマチ),49.106.193.216,2015-09-21 18:12:31
アンカー(the Whole Nine Yards),126.253.195.135,2015-09-21 18:20:27
アンカー(the Whole Nine Yards),126.186.245.43,2015-09-21 18:21:56
アンカー(the Whole Nine Yards),1.21.143.193,2015-09-21 18:22:25
アンカー(the Whole Nine Yards),126.205.206.71,2015-09-21 18:23:58
アンカー(the Whole Nine Yards),126.255.213.110,2015-09-21 18:24:07
星空協奏曲(ハジマリノマチ),182.250.248.230,2015-09-21 18:25:38
アンカー(the Whole Nine Yards),1.21.143.193,2015-09-21 18:26:19
星空協奏曲(ハジマリノマチ),126.250.16.14,2015-09-21 18:28:48
アンカー(the Whole Nine Yards),126.255.132.68,2015-09-21 18:53:55
アンカー(the Whole Nine Yards),126.237.72.208,2015-09-21 18:58:49
アンカー(the Whole Nine Yards),126.186.64.59,2015-09-21 19:03:19
星空協奏曲(ハジマリノマチ),182.250.240.68,2015-09-21 19:04:00
アンカー(the Whole Nine Yards),126.254.73.150,2015-09-21 19:07:28
アンカー(the Whole Nine Yards),126.254.7.140,2015-09-21 19:12:17
アンカー(the Whole Nine Yards),1.75.196.13,2015-09-21 19:15:12
星空協奏曲(ハジマリノマチ),49.98.169.13,2015-09-21 19:17:28
アンカー(the Whole Nine Yards),126.255.22.35,2015-09-21 19:53:40
アンカー(the Whole Nine Yards),126.253.102.27,2015-09-21 19:54:45
アンカー(the Whole Nine Yards),203.165.49.81,2015-09-21 20:06:10
アンカー(the Whole Nine Yards),49.97.102.164,2015-09-21 20:09:17
星空協奏曲(ハジマリノマチ),182.249.244.29,2015-09-21 20:11:26
アンカー(the Whole Nine Yards),49.98.149.175,2015-09-21 20:16:11
Shine(TIME PARADOX LAND),182.250.250.40,2015-09-21 20:18:50
星空協奏曲(ハジマリノマチ),1.75.237.1,2015-09-21 20:42:08
星空協奏曲(ハジマリノマチ),124.212.218.44,2015-09-21 20:44:21
星空協奏曲(ハジマリノマチ),182.250.245.42,2015-09-21 20:44:24
星空協奏曲(ハジマリノマチ),126.205.7.107,2015-09-21 20:45:26
星空協奏曲(ハジマリノマチ),126.152.174.86,2015-09-21 20:50:40
星空協奏曲(ハジマリノマチ),1.75.237.1,2015-09-21 20:54:45
星空協奏曲(ハジマリノマチ),221.23.66.23,2015-09-21 21:10:57
星空協奏曲(ハジマリノマチ),153.206.80.24,2015-09-21 21:21:44
アンカー(the Whole Nine Yards),126.205.4.102,2015-09-21 21:24:37
星空協奏曲(ハジマリノマチ),126.236.137.70,2015-09-21 21:29:29
星空協奏曲(ハジマリノマチ),126.255.85.52,2015-09-21 21:38:41
星空協奏曲(ハジマリノマチ),124.209.224.231,2015-09-21 21:39:17
星空協奏曲(ハジマリノマチ),49.97.106.246,2015-09-21 21:59:02
星空協奏曲(ハジマリノマチ),1.75.238.234,2015-09-21 22:03:50
星空協奏曲(ハジマリノマチ),182.250.248.232,2015-09-21 22:08:41
アンカー(the Whole Nine Yards),126.186.83.28,2015-09-21 22:30:13
星空協奏曲(ハジマリノマチ),221.254.52.161,2015-09-21 22:53:11
アンカー(the Whole Nine Yards),126.236.13.17,2015-09-21 23:09:59
アンカー(the Whole Nine Yards),180.42.119.36,2015-09-21 23:43:36
アンカー(the Whole Nine Yards),126.255.213.5,2015-09-21 23:46:04
星空協奏曲(ハジマリノマチ),110.163.216.213,2015-09-21 23:49:49
Shine(TIME PARADOX LAND),126.253.6.139,2015-09-21 23:50:28
アンカー(the Whole Nine Yards),222.148.5.61,2015-09-21 23:54:19
星空協奏曲(ハジマリノマチ),126.253.198.120,2015-09-21 23:55:35
アンカー(the Whole Nine Yards),114.166.4.168,2015-09-22 00:04:50
アンカー(the Whole Nine Yards),42.151.34.112,2015-09-22 00:08:14
アンカー(the Whole Nine Yards),61.44.82.197,2015-09-22 00:10:11
彩りの旋律(Rush Works),126.236.132.173,2015-09-22 00:24:15
アンカー(the Whole Nine Yards),121.106.106.178,2015-09-22 00:32:53
アンカー(the Whole Nine Yards),49.98.155.29,2015-09-22 00:46:53
アンカー(the Whole Nine Yards),124.213.172.234,2015-09-22 00:50:26
アンカー(the Whole Nine Yards),126.121.192.229,2015-09-22 00:53:23
アンカー(the Whole Nine Yards),182.250.248.33,2015-09-22 02:20:24
Shine(TIME PARADOX LAND),1.66.102.97,2015-09-22 03:03:04
星空協奏曲(ハジマリノマチ),126.218.185.36,2015-09-22 06:40:29
Shine(TIME PARADOX LAND),182.250.243.203,2015-09-22 07:27:31
Shine(TIME PARADOX LAND),220.10.132.237,2015-09-22 08:42:11
星空協奏曲(ハジマリノマチ),49.98.143.81,2015-09-22 10:25:32
星空協奏曲(ハジマリノマチ),126.253.67.30,2015-09-22 10:31:34
星空協奏曲(ハジマリノマチ),121.113.131.194,2015-09-22 10:39:31
Shine(TIME PARADOX LAND),115.162.95.224,2015-09-22 10:55:44
星空協奏曲(ハジマリノマチ),153.202.123.93,2015-09-22 11:04:31
星空協奏曲(ハジマリノマチ),1.66.103.53,2015-09-22 11:32:12
Shine(TIME PARADOX LAND),124.144.133.73,2015-09-22 11:52:03
星空協奏曲(ハジマリノマチ),49.97.104.8,2015-09-22 12:07:37
星空協奏曲(ハジマリノマチ),49.97.50.24,2015-09-22 12:09:58
Shine(TIME PARADOX LAND),133.9.4.12,2015-09-22 12:27:52
彩りの旋律(Rush Works),122.130.168.76,2015-09-22 13:26:17
星空協奏曲(ハジマリノマチ),126.254.69.221,2015-09-22 14:02:32
アンカー(the Whole Nine Yards),126.253.141.48,2015-09-22 14:13:24
Shine(TIME PARADOX LAND),121.101.110.86,2015-09-22 14:19:17
星空協奏曲(ハジマリノマチ),49.98.150.129,2015-09-22 16:10:09
星空協奏曲(ハジマリノマチ),182.250.250.203,2015-09-22 18:43:31
星空協奏曲(ハジマリノマチ),119.104.11.215,2015-09-22 18:52:24
アンカー(the Whole Nine Yards),128.223.223.224,2015-09-22 19:14:51
星空協奏曲(ハジマリノマチ),49.98.129.24,2015-09-22 19:44:57
アンカー(the Whole Nine Yards),119.72.193.212,2015-09-22 20:01:27
星空協奏曲(ハジマリノマチ),49.97.96.51,2015-09-22 20:14:49
アンカー(the Whole Nine Yards),124.211.211.183,2015-09-22 20:41:14
星空協奏曲(ハジマリノマチ),219.108.205.85,2015-09-22 21:01:42
アンカー(the Whole Nine Yards),182.249.242.134,2015-09-22 21:15:11
Shine(TIME PARADOX LAND),218.251.51.246,2015-09-22 21:39:50
星空協奏曲(ハジマリノマチ),126.216.40.42,2015-09-22 22:22:09
Shine(TIME PARADOX LAND),60.153.89.139,2015-09-22 22:50:31
Shine(TIME PARADOX LAND),113.159.128.102,2015-09-22 22:52:53
星空協奏曲(ハジマリノマチ),182.250.250.11,2015-09-22 23:53:47
アンカー(the Whole Nine Yards),126.253.41.192,2015-09-23 00:22:53
アンカー(the Whole Nine Yards),125.54.188.227,2015-09-23 00:43:37
星空協奏曲(ハジマリノマチ),116.64.18.56,2015-09-23 03:00:44
星空協奏曲(ハジマリノマチ),118.109.91.229,2015-09-23 03:14:15
星空協奏曲(ハジマリノマチ),49.98.148.209,2015-09-23 03:16:56
Shine(TIME PARADOX LAND),89.100.124.7,2015-09-23 06:23:24
星空協奏曲(ハジマリノマチ),119.72.193.200,2015-09-23 08:01:10
アンカー(the Whole Nine Yards),126.152.141.255,2015-09-23 08:49:05
星空協奏曲(ハジマリノマチ),182.250.250.230,2015-09-23 09:09:02
星空協奏曲(ハジマリノマチ),58.80.121.230,2015-09-23 10:55:17
星空協奏曲(ハジマリノマチ),218.226.190.191,2015-09-23 10:56:28
Shine(TIME PARADOX LAND),60.152.108.182,2015-09-23 12:07:23
星空協奏曲(ハジマリノマチ),182.250.250.35,2015-09-23 12:24:44
星空協奏曲(ハジマリノマチ),103.5.140.155,2015-09-23 14:43:36
アンカー(the Whole Nine Yards),126.236.79.34,2015-09-23 15:19:41
アンカー(the Whole Nine Yards),58.98.97.253,2015-09-23 15:23:39
アンカー(the Whole Nine Yards),1.72.2.36,2015-09-23 15:28:53
アンカー(the Whole Nine Yards),126.254.137.19,2015-09-23 15:35:48
アンカー(the Whole Nine Yards),49.97.1.88,2015-09-23 15:36:48
アンカー(the Whole Nine Yards),182.250.248.229,2015-09-23 15:41:06
アンカー(the Whole Nine Yards),180.16.112.102,2015-09-23 16:30:33
アンカー(the Whole Nine Yards),121.3.83.157,2015-09-23 17:54:22
アンカー(the Whole Nine Yards),126.255.152.113,2015-09-23 18:45:19
星空協奏曲(ハジマリノマチ),126.15.241.228,2015-09-23 19:38:43
星空協奏曲(ハジマリノマチ),153.227.202.11,2015-09-23 20:41:08
アンカー(the Whole Nine Yards),126.152.216.201,2015-09-23 21:04:09
アンカー(the Whole Nine Yards),126.6.96.127,2015-09-23 21:13:35
アンカー(the Whole Nine Yards),49.106.215.93,2015-09-23 21:14:25
アンカー(the Whole Nine Yards),180.57.108.39,2015-09-23 22:23:34
アンカー(the Whole Nine Yards),182.249.245.13,2015-09-23 22:24:57
星空協奏曲(ハジマリノマチ),101.111.17.193,2015-09-23 23:08:58
星空協奏曲(ハジマリノマチ),202.177.115.191,2015-09-23 23:09:22
星空協奏曲(ハジマリノマチ),101.111.17.193,2015-09-23 23:10:46
星空協奏曲(ハジマリノマチ),60.237.167.142,2015-09-23 23:13:30
Shine(TIME PARADOX LAND),221.241.65.33,2015-09-23 23:13:48
星空協奏曲(ハジマリノマチ),114.182.191.6,2015-09-23 23:16:12
星空協奏曲(ハジマリノマチ),116.220.0.60,2015-09-23 23:19:37
アンカー(the Whole Nine Yards),118.109.123.182,2015-09-23 23:24:16
アンカー(the Whole Nine Yards),59.168.225.201,2015-09-23 23:26:47
アンカー(the Whole Nine Yards),126.78.175.92,2015-09-23 23:33:08
アンカー(the Whole Nine Yards),126.255.197.215,2015-09-23 23:39:12
アンカー(the Whole Nine Yards),182.250.251.200,2015-09-23 23:41:40
アンカー(the Whole Nine Yards),49.98.152.124,2015-09-23 23:42:22
アンカー(the Whole Nine Yards),182.250.251.11,2015-09-23 23:47:49
Shine(TIME PARADOX LAND),182.249.246.147,2015-09-23 23:48:06
アンカー(the Whole Nine Yards),126.229.48.97,2015-09-23 23:48:26
アンカー(the Whole Nine Yards),130.245.236.167,2015-09-23 23:48:45
アンカー(the Whole Nine Yards),182.250.250.38,2015-09-23 23:49:14
アンカー(the Whole Nine Yards),180.92.32.53,2015-09-23 23:49:15
アンカー(the Whole Nine Yards),126.212.84.141,2015-09-23 23:49:21
アンカー(the Whole Nine Yards),114.160.115.9,2015-09-23 23:50:20
星空協奏曲(ハジマリノマチ),113.154.109.81,2015-09-23 23:51:17
アンカー(the Whole Nine Yards),210.197.186.149,2015-09-23 23:51:31
アンカー(the Whole Nine Yards),49.129.48.20,2015-09-23 23:51:40
星空協奏曲(ハジマリノマチ),182.249.242.25,2015-09-23 23:51:40
Shine(TIME PARADOX LAND),111.99.57.118,2015-09-23 23:52:57
アンカー(the Whole Nine Yards),222.158.91.78,2015-09-23 23:53:09
アンカー(the Whole Nine Yards),49.98.137.235,2015-09-23 23:53:35
アンカー(the Whole Nine Yards),49.98.137.235,2015-09-23 23:53:56
アンカー(the Whole Nine Yards),49.98.137.235,2015-09-23 23:54:04
アンカー(the Whole Nine Yards),126.6.96.127,2015-09-23 23:54:27
アンカー(the Whole Nine Yards),126.6.96.127,2015-09-23 23:55:42
アンカー(the Whole Nine Yards),122.25.28.73,2015-09-23 23:56:17
アンカー(the Whole Nine Yards),182.250.250.232,2015-09-24 00:00:31
